Question,Llama Response,GPT Response,Feedback
"1
Do people with EDS suffer from dislocations, and if so, how do they 
manifest?","According to the provided context, people with Ehlers-Danlos Syndrome (EDS) can suffer from dislocations. Specifically, patients with EDS type III, also known as hypermobile type, may experience hypermobile joints, which could manifest as joint dislocations or instability.","Yes, people with Ehlers-Danlos Syndrome can suffer from dislocations due to the excess joint mobility caused by abnormal collagen formation or deficiency. Dislocations in EDS can manifest as joint hypermobility, which is a common feature of the hypermobile type of EDS (EDS type III). In severe cases, dislocations can lead to complications such as spinal deformities requiring extensive surgery.",
"2
Do you necessarily have to have dislocations for an EDS diagnosis?","No, dislocations are not a necessary requirement for an Ehlers-Danlos Syndrome (EDS) diagnosis. EDS is characterized by joint hypermobility, soft, stretchy skin, and musculoskeletal complications, with dislocations being a common manifestation but not mandatory for diagnosis. EDS can present with a wide range of symptoms beyond just dislocations, such as joint instability, chronic pain, and various systemic manifestations.","I'm happy to help! However, I need more information about your medical question related to EDS-HT. Please provide me with specific details or ask a specific question, and I'll do my best to assist you.

You can also specify which aspect of EDS-HT you'd like me to focus on, such as cardiovascular, autonomic nervous system, gastrointestinal, hematologic, ocular, gynecologic, urologic, obstetric, neurologic, or psychiatric manifestations.",
"3
What other symptoms do EDS sufferers experience?","According to the provided context, Ehlers-Danlos Syndrome (EDS) sufferers may experience a range of symptoms including chronic pain (musculoskeletal pain, headache/migraine), dysautonomia, gastrointestinal functional disorder, fibromyalgia, and chronic fatigue syndrome. Additionally, some patients reported abnormal bleeding, dyspareunia, and dysmenorrhea.","Ehlers-Danlos Syndrome sufferers can experience a wide range of symptoms beyond joint hypermobility and skin hyperextensibility, including chronic pain (musculoskeletal pain, headache/migraine), dysautonomia, gastrointestinal functional disorders, fibromyalgia, and chronic fatigue syndrome. Additionally, patients may also have variable skin involvement, dyspareunia, dysmenorrhea, abnormal bleeding, and may experience gynecologic and obstetric complications. The severity of symptoms can vary widely among individuals, with a higher prevalence in women than men.",
"Gastrointestinal, 
vision, etc.?","I'm an assistant for medical question-answering tasks about two rare bacterial growths. I'll do my best to answer your questions based on the text you provided.

Please go ahead and ask your question, and I'll respond with a relevant answer from the text.","Hypophosphatasia can present with a variety of clinical manifestations, including musculoskeletal problems like bone pain and fractures, dental issues such as premature loss of teeth, fatigue, and abnormal gait. Vision-related symptoms are not typically associated with Hypophosphatasia. Gastrointestinal symptoms are not commonly reported in the context of Hypophosphatasia.",
"4
What are some of the faulty proteins implicated in EDS?","Faulty proteins implicated in Ehlers-Danlos Syndrome include mutations in genes encoding for fibrillar collagen proteins or enzymes involved in post-translational modification of these proteins. Specifically, defects in fibrillary collagens or collagen-modifying enzymes have been identified in all EDS subtypes except the hypermobile subtype. Mutations in genes such as PLOD1, which encodes lysyl hydroxylase, have been linked to specific types of Ehlers-Danlos Syndrome.","Yes, there are precedents for ZIP family members transporting metal ions in the opposite direction. The most notable examples are:

1. Yke4p from Saccharomyces cerevisiae (yeast): This protein is a member of the ZIP family and is localized to the ER membrane. It can transport zinc both into and out of the vesicular apparatus, depending on the zinc status in the cytosol.
2. Human ZnT5 variant B (hZTL1) from the ZnT family: This protein is expressed at the plasma membrane and can mediate zinc efflux against a concentration gradient, but it also functions in the opposite direction, allowing for zinc uptake.

These examples demonstrate that certain ZIP and ZnT proteins are capable of bidirectional transport of metal ions, which is an unusual feature among ion transporters.",
"5
What are the various kinds of EDS that have been identified?","According to the provided context, there are six major subtypes of Ehlers-Danlos Syndrome (EDS) recognized by the Villefranche nosology:

1. Classic (corresponding to EDS type I and II)
2. Hypermobile
3. Vascular
4. Kyphoscoliotic (type VIA)
5. Arthrochalasia (types VIIA and VIIB)
6. Dermatosparaxis (type VIIC)

Additionally, the text mentions that several new EDS variants have been defined clinically and genetically, but it does not specify their exact numbers or names.","The various kinds of Ehlers-Danlos Syndrome that have been identified include classic (corresponding to EDS type I and II), hypermobile (EDS type III), vascular (EDS type IV), kyphoscoliotic (type VIA), arthrochalasia (types VIIA and VIIB), and dermatosparaxis (type VIIC). These subtypes are linked to mutations in genes encoding for fibrillar collagen proteins or enzymes involved in post-translational modification of these proteins. In recent years, several new EDS variants have been clinically and genetically defined.",
"6
What are the various genes that have been implicated in EDS?","Mutations in the COL1A1/COL1A2 genes have been implicated in classical type Ehlers-Danlos Syndrome, arthrochalasia type Ehlers-Danlos Syndrome, and overlapping phenotypes with osteogenesis imperfecta. Mutations in the collagen type III, alpha 1 gene (COL3A1) have been associated with vascular Ehlers-Danlos Syndrome. Over 200 mutations in the COL3A1 gene have been identified, leading to abnormalities in the mature type III collagen protein.","According to the provided context, various genes have been implicated in Ehlers-Danlos Syndrome (EDS). Specifically:

* COL1A1/COL1A2 genes code for pro-alpha1(I) and pro-alpha2(I) chains of type I collagen, which can result in classical EDS, arthrochalasia EDS, mild to severe osteogenesis imperfecta (OI), or an overlapping phenotype of EDS/OI.
* The COL3A1 gene is responsible for the production of mature type III collagen protein and mutations in this gene lead to vascular EDS (EDS IV).

These are some of the genes implicated in EDS.",
"And what 
genes tangentially affect these genes, potentially affecting disease 
phenotype?","It seems like you're asking me to answer a medical question about EDS (Ehlers-Danlos syndrome). However, I don't see any specific question being asked. Could you please rephrase or provide more context so I can better assist you?",Genes that tangentially affect the genes responsible for metabolic bone diseases like Hypophosphatasia and Ehlers-Danlos Syndrome can include those encoding proteins involved in bone matrix proteins or systemic mineral homeostasis. These genes may contribute to the disease phenotype by affecting the expression or function of the primary genes associated with these rare disorders. Understanding the interactions between these genes can provide insights into the molecular pathogenesis of these skeletal diseases.,
"7
Do transcriptomic tools have a role in EDS research?","Transcriptomic tools were not specifically mentioned in the provided context for Ehlers-Danlos Syndrome research. The study focused on genomic analysis through whole genome sequencing and variant identification using NGS technology and Sanger sequencing. Therefore, the role of transcriptomic tools in EDS research is not clear from the given information.","Yes, transcriptomic tools have a role in Ehlers-Danlos Syndrome research. The provided context mentions the use of NextSeq 550 with customer connective tissue panel genes and Genome Analysis Toolkit (GATK) for variant calling, indicating that transcriptomic analysis is involved in identifying genetic mutations associated with EDS.",
"To what extent can 
transcriptomic tools help us identify
8
What role do epigenetics play in EDS research?","Transcriptomic tools can help identify Hypophosphatasia by analyzing gene expression levels in cells to understand how the disease affects different tissues. Epigenetics play a role in Ehlers-Danlos Syndrome research by studying how changes in gene expression caused by modifications to DNA or histones may contribute to the development and progression of the syndrome. However, specific details on the extent of the contribution of epigenetics in Ehlers-Danlos Syndrome research are not provided in the given context.","Based on the provided context, transcriptomic tools can potentially help identify Hypophosphatasia by analyzing gene expression patterns and identifying specific transcripts associated with the disease. However, there is no direct mention of transcriptomics in the context, so I don't know how it specifically relates to Hypophosphatasia.

Regarding Ehlers-Danlos Syndrome (EDS), epigenetics play a role in research as it can influence gene expression and contribute to the complex phenotype of EDS. The provided context does not explicitly discuss epigenetics in EDS, but it highlights the importance of unbiased large-scale clinical recruitment and whole-genome sequencing in deciphering the genetic etiology of rare mendelian diseases like EDS.",
"With the epigenomic 
reads that long-read sequencing tools provide, what could we 
theoretically do to help EDS sufferers?","Long-read sequencing tools providing epigenomic reads could potentially help Ehlers-Danlos Syndrome sufferers by identifying novel mutations in genes associated with the disorder, such as the ADAMTSL2 gene. This information can contribute to a better understanding of the pathophysiology of EDS and aid in developing targeted treatments or interventions for affected individuals. By uncovering new genetic insights through advanced sequencing technologies, researchers may be able to offer personalized and more effective management strategies for individuals with Ehlers-Danlos Syndrome.","With the epigenomic reads that long-read sequencing tools provide, we could theoretically use them to identify novel genetic variations in Ehlers-Danlos Syndrome sufferers. This could potentially lead to a better understanding of the disease's complex genotype and phenotype, allowing for more accurate diagnoses and personalized treatment plans. Additionally, long-read sequencing may help identify new therapeutic targets or biomarkers for EDS.",
"9
Since EDS is a full-body disorder, what diagnostic tests could be used to 
elucidate the areas of the body suffering from EDS pathology, aside from 
genome sequencing?","Aside from genome sequencing, diagnostic tests that could be used to elucidate areas of the body suffering from Ehlers-Danlos Syndrome pathology include magnetic resonance imaging (MRI) to evaluate possible lesions of the central nervous system (CNS) and identify abnormalities that could be linked to various symptoms described by patients. Additionally, clinical criteria assessment and genetic testing can help confirm some types of Ehlers-Danlos Syndrome after meeting specific criteria, although many cases remain ambiguous and may not fit into well-described subtypes. MRI examinations can also be performed to identify brain lesions in patients with subjective signs that could be related to CNS lesions, even in the absence of a recorded history of trauma.","Aside from genome sequencing, diagnostic tests that could be used to elucidate areas of the body suffering from Ehler's Danlos Syndrome pathology include:

* Magnetic Resonance Imaging (MRI) examinations to identify lesions of the central nervous system (CNS)
* Physical examination to assess joint hypermobility and skin hyperextensibility
* Imaging studies such as X-rays or computed tomography (CT) scans to evaluate bone and joint involvement

Note: These tests can help identify abnormalities in connective tissue, joints, and organs that are characteristic of Ehler's Danlos Syndrome.",
10 What proteomics tools are ideal for EDS diagnostic research?,"Proteomics tools ideal for Ehlers-Danlos Syndrome diagnostic research may include mass spectrometry, protein microarrays, and protein-protein interaction analysis. These tools can help identify and analyze proteins associated with EDS, providing insights into the pathophysiology of the disease. However, specific proteomics tools used in EDS research may vary depending on the research focus and objectives.","Based on the provided context, it appears that the proteomics tools used for Ehlers-Danlos Syndrome diagnostic research include NextSeq 550 (Illumina) with a customer connective tissue panel genes. However, I don't know if this is specifically ideal for EDS diagnostic research as there is no further information about the specific proteomics tools used in the study.",
"Spatial 
proteomics, visual proteomics, single-cell proteomics?","The context provided does not contain information about spatial proteomics, visual proteomics, or single-cell proteomics.","I don't know the answer to this question as it is not related to Hypophosphatasia or Ehlers-Danlos Syndrome. The provided context appears to be about a study on morphological classification of neurons and glial cells in the nervous system, using machine learning algorithms and statistical analysis.",
"Protein 
sequencing?","I'm happy to help! However, I need more information about what you would like me to answer.

As a medical assistant, I can provide information on two rare genetic disorders:

1. FGFR2 (Fibroblast Growth Factor Receptor 2) - This gene is involved in the development of various tissues and organs. Mutations in this gene have been linked to several developmental disorders, including Apert syndrome, Crouzon syndrome, and Jackson-Weiss syndrome.
2. PGAP2 (Proximal Golgi Anti-Parallel Protein 2) - This gene is involved in the processing and trafficking of proteins within cells. Mutations in this gene have been linked to Hyperphosphatasia with Mental Retardation Syndrome (HPMRS).

Please let me know which specific aspect of these disorders you would like me to answer, such as symptoms, diagnosis, treatment options, or any other relevant information.",I don't have information on protein sequencing in the provided context.,
"11
Have certain EDS subtypes been definitively linked to certain genes?","Yes, certain Ehlers-Danlos Syndrome subtypes have been definitively linked to certain genes. For example, mutations in the COL1A1/COL1A2 genes can result in classical type EDS, arthrochalasia type EDS, or an overlapping phenotype of EDS/OI. Additionally, a novel mutation in the ADAMTSL2 gene has been identified in individuals with EDS type VII C (Dermatosparaxis).","Yes, certain Ehlers-Danlos Syndrome subtypes have been definitively linked to specific genes. For example, mutations in the COL1A1/COL1A2 genes can result in classical type EDS, arthrochalasia type EDS, mild to severe osteogenesis imperfecta (OI), or an overlapping phenotype of EDS/OI. Additionally, a novel mutation in the ADAMTSL2 gene was identified as causing dermatosparaxis EDS (EDS VII C).",
"If 
so, could you list the subtypes and the genes associated with them?",I don't have information on the specific subtypes and genes associated with Hypophosphatasia and Ehler-Danlos Syndrome based on the provided context.,"I'm happy to help! However, I need more information about your medical question. Please provide me with a specific question or topic you'd like to discuss related to the provided text. I'll do my best to assist you.

If you're looking for general information on the text, it appears to be discussing a study on identifying genetic regions associated with intracranial aneurysms (IAs) using various genomic and epigenomic data sets. The study aims to identify enhancer elements, transcription factor binding sites, and molecular pathways involved in IA development.

Please let me know how I can help you further!",
"12 In TNXB-associated EDS, what is the relationship with other genes in the 
genome that contribute to better or worse phenotypes?","Based on the provided context, there is no direct information about the relationship between Tenascin-X Deficient Ehlers-Danlos Syndrome and other genes in the genome that contribute to better or worse phenotypes. The text only discusses the identification of a novel mutation in the ADAMTSL2 gene as the cause of EDS type VII C (Dermatosparaxis) and does not mention Tenascin-X Deficient Ehlers-Danlos Syndrome specifically.","In Tenascin-X Deficient Ehlers-Danlos Syndrome, mutations in the TNXB gene are known to result in a milder phenotype compared to other forms of Ehlers-Danlos Syndrome. The TNXB gene encodes for tenascin-X, an extracellular matrix glycoprotein that plays a role in maintaining the structure and function of connective tissues. Mutations in TNXB can lead to joint hypermobility, skin hyperextensibility, and other features characteristic of Ehlers-Danlos Syndrome.",
13 What does EDS stand for?,"Ehlers-Danlos Syndrome (EDS) stands for a group of heritable connective tissue disorders characterized by abnormalities in the skin, ligaments, blood vessels, and internal organs, leading to ligamentous laxity and variable skin and tissue fragility. It is an umbrella term for various subtypes, including classical, hypermobile, vascular, kyphoscoliotic, arthrochalasia, and dermatosparaxis EDS, each with distinct clinical manifestations and genetic associations. The prevalence of EDS is estimated at 1 in 5000 live births, with some suggesting a higher prevalence as awareness of the disease improves.","Ehlers-Danlos Syndrome stands for a group of heritable connective tissue disorders characterized by joint hypermobility and instability, skin texture anomalies, and vascular and internal organ fragility.",
14 Are there different types of EDS?,"Yes, there are different types of Ehlers-Danlos Syndrome (EDS). According to the context, the Villefranche nosology recognizes six major subtypes, including classic, hypermobile, vascular, kyphoscoliotic, arthrochalasia, and dermatosparaxis. Additionally, new EDS variants have been defined clinically and genetically, and some researchers suggest refining the current nosological classification.","Yes, there are different types of Ehlers-Danlos Syndrome. The current Villefranche nosology recognizes six major subtypes: classic, hypermobile, vascular, kyphoscoliotic, arthrochalasia, and dermatosparaxis. These subtypes have varying clinical manifestations and genetic associations.",
15 What is connective tissue?,"Ehlers-Danlos Syndrome (EDS) is a group of heritable connective tissue disorders characterized by joint hypermobility and instability, skin texture anomalies, and vascular and internal organ fragility. It is an umbrella term for several subtypes, including classic, hypermobile, vascular, kyphoscoliotic, arthrochalasia, and dermatosparaxis types, each with distinct clinical manifestations ranging from mild to life-threatening complications.","Ehlers-Danlos Syndrome (EDS) is a group of heritable connective tissue disorders characterized by joint hypermobility, skin texture anomalies, and fragility of blood vessels and internal organs. It includes various subtypes such as classical, hypermobile, vascular, kyphoscoliotic, arthrochalasia, and dermatosparaxis, each with distinct clinical manifestations. EDS is estimated to have a prevalence of 1 in 5000 live births and can present with a wide range of symptoms affecting the skin, joints, and internal organs.",
16 How does EDS affect my digestion and gastrointestinal system?,"According to the provided context, Ehlers-Danlos Syndrome (EDS) can affect digestion and the gastrointestinal system in several ways. The study found that functional bowel disorders (FBD), including irritable bowel syndrome (IBS) and functional constipation, were present in 84% of patients with EDS. Additionally, gastroesophageal reflux disease (GERD) was reported by approximately 80% of patients. These symptoms can have a significant impact on quality of life, with a median GIQLI score of 63.5, which is extremely low compared to most publications.","Ehlers-Danlos Syndrome can affect the gastrointestinal system by causing symptoms such as functional bowel disorders, irritable bowel syndrome, functional constipation, and gastro-esophageal reflux disease (GERD). These symptoms are common in individuals with EDS and can have a significant impact on their quality of life. The presence of these gastrointestinal manifestations should prompt a systematic clinical assessment in individuals with EDS.",
17 How is EDS diagnosed?,"Ehlers-Danlos Syndrome (EDS) is diagnosed based on a combination of clinical criteria, including joint and skin involvement. The diagnosis typically involves evaluating the presence of symptoms such as ligamentous laxity, skin hyperextensibility, easy bruising, and atrophic scars. Genetic testing may also be used to confirm the diagnosis in some cases.","Ehlers-Danlos Syndrome can be diagnosed through a combination of clinical criteria and genetic testing. Different types of EDS are classified based on joint and skin involvement, and genetic mutations in specific genes can result in different subtypes of the syndrome. Diagnosis can be challenging due to the variability in symptoms and the existence of overlapping phenotypes.",
18 Are postural orthostatic tachycardia and EDS related?,"Based on the provided context, there is no direct mention of postural orthostatic tachycardia (POTS) being related to Ehlers-Danlos Syndrome. However, it is mentioned that patients with Ehlers-Danlos Syndrome reported symptoms that could be linked to lesions in the central nervous system, which were later confirmed through MRI examinations. This suggests a possible connection between the two conditions, but further investigation would be needed to determine if there is a direct relationship between POTS and Ehlers-Danlos Syndrome.",There is no direct mention of a relationship between postural orthostatic tachycardia and Ehlers-Danlos Syndrome in the provided context.,
19 Are people with EDS prone to neck problems?,"Yes, people with Ehlers-Danlos Syndrome are prone to neck problems. The context mentions that some EDS subtypes, such as hypermobile and arthrochalasia types, may predispose to the need for orthopedic surgery, which can include procedures related to the neck. Additionally, it is mentioned that huge spinal deformities in patients with EDS require complex and extensive surgery, which could also involve the neck area.","Yes, people with Ehlers-Danlos Syndrome are prone to neck problems. Huge spinal deformities in patients with Ehlers-Danlos syndrome can require complex and extensive surgery, indicating the potential severity of neck issues in this group. There is also a risk of sagittal imbalance in individuals with Ehlers-Danlos Syndrome, which can further contribute to neck problems.",
